{
  "problem_type": "regression",
  "metric_mode_default": {
    "r2": "max",
    "rmse": "min",
    "mae": "min"
  },
  "metrics": {
    "rmse": 5.07667384614059,
    "mae": 1.5749397277832031,
    "r2": 0.9963372349739075,
    "residuals_std": 5.075820838110162
  },
  "train_time_sec": 18.16368450000118,
  "best_params": {
    "n_estimators": 502,
    "max_depth": 9,
    "learning_rate": 0.030078465667433763,
    "subsample": 0.8039470402434782,
    "colsample_bytree": 0.9915644158089788,
    "min_child_weight": 2.9385368120136195,
    "gamma": 1.1106221218358918,
    "reg_alpha": 0.036685126438383175,
    "reg_lambda": 2.916845758264824
  },
  "n_trials": 30,
  "study_name": "cmapss_xgb_optuna"
}